{
    "start": [
        [
            352.9389312977099,
            338.7557251908397
        ]
    ],
    "middle": [
        [
            297.3780760626398,
            384.23937360178974
        ],
        [
            189.1686320754717,
            393.59080188679246
        ],
        [
            55.96158463385354,
            232.2797118847539
        ],
        [
            69.23261694058154,
            163.36409608091023
        ],
        [
            108.50840879689521,
            104.58861578266495
        ],
        [
            81.33376623376624,
            137.3220779220779
        ],
        [
            261.72041612483747,
            58.98829648894668
        ],
        [
            93.44680851063829,
            120.43085106382979
        ],
        [
            341.81951871657753,
            358.64973262032083
        ],
        [
            228.6010781671159,
            53.3989218328841
        ],
        [
            96.57162534435261,
            336.3939393939394
        ],
        [
            69.56887052341598,
            295.3746556473829
        ],
        [
            283.47116736990154,
            62.9662447257384
        ],
        [
            232.45015105740183,
            400.4305135951662
        ],
        [
            317.92201834862385,
            77.18195718654434
        ],
        [
            62.19414483821264,
            271.50539291217257
        ],
        [
            80.79938271604938,
            316.0740740740741
        ],
        [
            155.38204225352112,
            71.7693661971831
        ],
        [
            136.09741550695824,
            84.15506958250496
        ]
    ],
    "end": [
        [
            340.43243243243245,
            91.05405405405405
        ]
    ]
}